epoch,time,train/box_loss,train/cls_loss,train/dfl_loss,metrics/precision(B),metrics/recall(B),metrics/mAP50(B),metrics/mAP50-95(B),val/box_loss,val/cls_loss,val/dfl_loss,lr/pg0,lr/pg1,lr/pg2
1,55.4634,1.77686,2.16683,1.94492,0.01187,0.51072,0.00925,0.00368,2.38625,inf,3.61299,0.000654088,0.000654088,0.000654088
2,85.0253,1.85553,2.06726,1.97948,0.13258,0.25603,0.08762,0.02915,2.83787,12.6495,3.36333,0.00131204,0.00131204,0.00131204
3,125.897,1.87151,2.09948,2.02453,0.07214,0.09517,0.02601,0.00886,nan,nan,nan,0.00196119,0.00196119,0.00196119
4,166.965,1.83299,2.09182,1.98778,0.16033,0.26542,0.0955,0.02712,2.72038,5.6773,3.28898,0.0019604,0.0019604,0.0019604
5,202.747,1.81056,2.07241,1.99266,0.13679,0.11528,0.04368,0.01424,3.19168,5.3647,3.52955,0.0019472,0.0019472,0.0019472
6,224.988,1.73782,1.9724,1.90882,0.23668,0.42493,0.21459,0.09051,1.81284,5.0644,2.0344,0.001934,0.001934,0.001934
7,266.099,1.72561,1.93302,1.89933,0.45807,0.48391,0.41525,0.18577,1.85422,1.89569,1.97424,0.0019208,0.0019208,0.0019208
8,299.807,1.66955,1.87192,1.848,0.42994,0.44181,0.40193,0.16894,1.98259,1.97349,2.02466,0.0019076,0.0019076,0.0019076
9,323.513,1.64813,1.79084,1.82769,0.51033,0.51131,0.45288,0.22046,1.75336,2.32344,1.91107,0.0018944,0.0018944,0.0018944
10,357.482,1.66279,1.81831,1.83989,0.53058,0.52145,0.53354,0.25535,1.76807,1.78448,1.91601,0.0018812,0.0018812,0.0018812
11,397.923,1.60213,1.76707,1.8092,0.59959,0.50382,0.53715,0.25482,1.81263,1.84628,1.9289,0.001868,0.001868,0.001868
12,437.483,1.62631,1.74822,1.80214,0.53829,0.53083,0.52889,0.25922,1.80256,1.70948,1.90884,0.0018548,0.0018548,0.0018548
13,476.22,1.57461,1.69326,1.78162,0.6217,0.52652,0.58732,0.28323,1.804,1.59134,1.91691,0.0018416,0.0018416,0.0018416
14,510.937,1.58077,1.64869,1.77661,0.58528,0.52145,0.52899,0.23258,2.0227,1.70436,2.09664,0.0018284,0.0018284,0.0018284
15,544.954,1.57536,1.65745,1.79137,0.55072,0.43029,0.45988,0.2027,1.9767,1.84938,2.10251,0.0018152,0.0018152,0.0018152
16,568.702,1.52746,1.60974,1.7428,0.60248,0.56568,0.60718,0.30489,1.72999,1.53751,1.8479,0.001802,0.001802,0.001802
17,597.449,1.59779,1.67247,1.74834,0.63275,0.62466,0.65743,0.33139,1.66256,1.41071,1.78334,0.0017888,0.0017888,0.0017888
18,630.586,1.56354,1.63875,1.74806,0.549,0.56702,0.50934,0.26413,1.61554,1.49238,1.75425,0.0017756,0.0017756,0.0017756
19,659.963,1.53918,1.60633,1.72737,0.56358,0.60069,0.61069,0.32381,1.67986,1.51535,1.79498,0.0017624,0.0017624,0.0017624
20,687.048,1.55276,1.59645,1.73755,0.60064,0.64113,0.62605,0.28294,1.87479,1.5419,1.948,0.0017492,0.0017492,0.0017492
21,719.584,1.55469,1.60053,1.74405,0.59964,0.6059,0.6153,0.31177,1.65306,1.50545,1.78264,0.001736,0.001736,0.001736
22,751.885,1.53842,1.58816,1.72778,0.54865,0.51165,0.49146,0.2393,1.77843,1.67652,1.90777,0.0017228,0.0017228,0.0017228
23,780.912,1.51874,1.55072,1.71763,0.5837,0.62023,0.62265,0.31566,1.70072,1.43703,1.79181,0.0017096,0.0017096,0.0017096
24,809.41,1.5006,1.49634,1.69038,0.65373,0.64788,0.6998,0.36067,1.67317,1.29816,1.74977,0.0016964,0.0016964,0.0016964
25,839.027,1.50993,1.49439,1.72327,0.52842,0.60382,0.57839,0.28767,1.77881,1.52449,1.86908,0.0016832,0.0016832,0.0016832
26,867.527,1.51576,1.52209,1.72507,0.6054,0.62332,0.64055,0.34623,1.62323,1.36725,1.74352,0.00167,0.00167,0.00167
27,896.384,1.48518,1.5277,1.68973,0.60594,0.63271,0.64499,0.32531,1.777,1.38513,1.84286,0.0016568,0.0016568,0.0016568
28,925.695,1.47624,1.47995,1.71222,0.66104,0.65147,0.70191,0.38015,1.57348,1.25832,1.71905,0.0016436,0.0016436,0.0016436
29,954.853,1.51324,1.51046,1.70999,0.66155,0.56859,0.62812,0.30912,1.80643,1.39182,1.84991,0.0016304,0.0016304,0.0016304
30,984.522,1.51038,1.5035,1.6829,0.65381,0.64611,0.69002,0.38201,1.56901,1.26547,1.69064,0.0016172,0.0016172,0.0016172
31,1013.74,1.47163,1.44223,1.67241,0.68536,0.61902,0.67523,0.34564,1.75704,1.33338,1.8211,0.001604,0.001604,0.001604
32,1042.68,1.44549,1.42281,1.66857,0.67597,0.70912,0.72994,0.36068,1.76216,1.24338,1.83604,0.0015908,0.0015908,0.0015908
33,1071.01,1.45891,1.44389,1.67617,0.63948,0.54424,0.58076,0.26463,1.99387,1.59372,2.04181,0.0015776,0.0015776,0.0015776
34,1097.42,1.44979,1.42144,1.66968,0.67107,0.63271,0.70493,0.36896,1.63116,1.23351,1.74553,0.0015644,0.0015644,0.0015644
35,1127.79,1.4577,1.42507,1.66234,0.68147,0.60322,0.68413,0.35136,1.72134,1.28414,1.78801,0.0015512,0.0015512,0.0015512
36,1159.47,1.45206,1.42866,1.67163,0.66584,0.6126,0.68152,0.35142,1.65727,1.31099,1.73883,0.001538,0.001538,0.001538
37,1190.28,1.43553,1.40612,1.64936,0.66897,0.6393,0.69812,0.38704,1.53356,1.24579,1.66024,0.0015248,0.0015248,0.0015248
38,1219.57,1.43476,1.39549,1.65508,0.69735,0.627,0.69887,0.3907,1.5549,1.21373,1.69536,0.0015116,0.0015116,0.0015116
39,1249.26,1.42063,1.3755,1.63055,0.64983,0.66488,0.70376,0.39007,1.5796,1.19744,1.68037,0.0014984,0.0014984,0.0014984
40,1278.71,1.40552,1.35432,1.63053,0.69889,0.6126,0.71737,0.39985,1.57928,1.18105,1.71562,0.0014852,0.0014852,0.0014852
41,1308.5,1.3937,1.37033,1.62573,0.64502,0.62332,0.65691,0.37283,1.52185,1.2705,1.6699,0.001472,0.001472,0.001472
42,1337.11,1.38296,1.36066,1.63834,0.64504,0.59786,0.65984,0.40033,1.41791,1.26468,1.64853,0.0014588,0.0014588,0.0014588
43,1366.77,1.38478,1.34792,1.62616,0.69478,0.68365,0.73686,0.4566,1.37576,1.10796,1.59029,0.0014456,0.0014456,0.0014456
44,1395.27,1.3953,1.35635,1.63295,0.64183,0.68633,0.70509,0.41842,1.39645,1.29974,1.62277,0.0014324,0.0014324,0.0014324
45,1424.11,1.37146,1.36555,1.5983,0.70539,0.64879,0.72929,0.44454,1.4119,1.13522,1.61825,0.0014192,0.0014192,0.0014192
46,1452.98,1.3545,1.30614,1.59647,0.65259,0.71314,0.72128,0.44177,1.36512,1.12507,1.55444,0.001406,0.001406,0.001406
47,1481.5,1.35257,1.32234,1.61506,0.63399,0.70107,0.70505,0.40998,1.48016,1.39573,1.6368,0.0013928,0.0013928,0.0013928
48,1505.73,1.34738,1.34625,1.57762,0.69799,0.70643,0.75132,0.47266,1.3279,1.03936,1.54122,0.0013796,0.0013796,0.0013796
49,1535.38,1.37604,1.30372,1.61966,0.66097,0.71046,0.71937,0.44177,1.3334,1.18424,1.55476,0.0013664,0.0013664,0.0013664
50,1566.37,1.33223,1.31207,1.59439,0.69511,0.61528,0.69593,0.40402,1.4872,1.20718,1.64749,0.0013532,0.0013532,0.0013532
51,1594.95,1.35171,1.26784,1.58857,0.67379,0.68365,0.74276,0.46681,1.33137,1.06634,1.5455,0.00134,0.00134,0.00134
52,1622.93,1.36893,1.28692,1.59813,0.67323,0.70148,0.74053,0.41922,1.51788,1.14155,1.67261,0.0013268,0.0013268,0.0013268
53,1651.83,1.35217,1.28131,1.5947,0.68356,0.65013,0.73267,0.42008,1.53457,1.11332,1.65138,0.0013136,0.0013136,0.0013136
54,1680.51,1.33979,1.27699,1.59098,0.73876,0.65961,0.76763,0.4865,1.30522,1.02726,1.53757,0.0013004,0.0013004,0.0013004
55,1710.07,1.35961,1.25472,1.59318,0.70918,0.68633,0.73709,0.4537,1.33663,1.09677,1.54541,0.0012872,0.0012872,0.0012872
56,1737.66,1.34739,1.26466,1.59165,0.65294,0.68231,0.71014,0.43673,1.33971,1.06894,1.57891,0.001274,0.001274,0.001274
57,1765.39,1.37486,1.3154,1.59757,0.686,0.70107,0.75898,0.48361,1.30953,1.03662,1.54348,0.0012608,0.0012608,0.0012608
58,1794.29,1.33946,1.26256,1.58629,0.66895,0.69437,0.7295,0.45336,1.35711,1.09424,1.57073,0.0012476,0.0012476,0.0012476
59,1822.18,1.32931,1.23798,1.57044,0.71116,0.66999,0.74078,0.47296,1.27334,1.08471,1.57945,0.0012344,0.0012344,0.0012344
60,1849.73,1.28914,1.20015,1.55099,0.67119,0.67585,0.73493,0.45772,1.35226,1.10599,1.57743,0.0012212,0.0012212,0.0012212
61,1874.4,1.31512,1.22519,1.56814,0.72809,0.66762,0.76437,0.49781,1.25147,0.99902,1.5351,0.001208,0.001208,0.001208
62,1898.3,1.3011,1.22115,1.55801,0.71363,0.70241,0.77308,0.49543,1.29197,1.02879,1.526,0.0011948,0.0011948,0.0011948
63,1921.45,1.29942,1.20863,1.5642,0.69662,0.65871,0.74481,0.45832,1.37822,1.06945,1.58213,0.0011816,0.0011816,0.0011816
64,1944.97,1.31687,1.23732,1.55149,0.65538,0.74799,0.76801,0.50598,1.2147,0.996,1.48801,0.0011684,0.0011684,0.0011684
65,1973.8,1.28916,1.18435,1.54367,0.66328,0.66013,0.69912,0.44192,1.32333,1.12507,1.59416,0.0011552,0.0011552,0.0011552
66,2002.32,1.29569,1.21362,1.56326,0.70545,0.69839,0.75923,0.4936,1.24589,1.02188,1.53447,0.001142,0.001142,0.001142
67,2027.66,1.30032,1.22235,1.53912,0.68439,0.71216,0.75743,0.48467,1.28216,1.02666,1.51907,0.0011288,0.0011288,0.0011288
68,2057.38,1.29046,1.20125,1.55075,0.72425,0.68655,0.76746,0.5025,1.25873,0.9991,1.51321,0.0011156,0.0011156,0.0011156
69,2084.46,1.29776,1.19048,1.55441,0.69541,0.68633,0.76027,0.48741,1.29237,1.00275,1.52187,0.0011024,0.0011024,0.0011024
70,2116.97,1.27698,1.18849,1.55448,0.69999,0.69973,0.76072,0.49555,1.25486,0.98993,1.50201,0.0010892,0.0010892,0.0010892
71,2146.55,1.28146,1.1848,1.55334,0.63147,0.76542,0.74978,0.48923,1.2093,1.01636,1.47905,0.001076,0.001076,0.001076
72,2175.73,1.26749,1.1807,1.53523,0.6409,0.76005,0.74375,0.48928,1.22072,1.01171,1.4827,0.0010628,0.0010628,0.0010628
73,2204.37,1.28304,1.16528,1.52423,0.75858,0.68231,0.77343,0.51086,1.25499,0.98835,1.50926,0.0010496,0.0010496,0.0010496
74,2234.27,1.26066,1.14693,1.52674,0.71564,0.72654,0.76587,0.48611,1.28646,1.03464,1.50416,0.0010364,0.0010364,0.0010364
75,2262.88,1.25881,1.17905,1.52741,0.7544,0.66756,0.76296,0.47653,1.29804,0.99938,1.53958,0.0010232,0.0010232,0.0010232
76,2291.51,1.29284,1.1885,1.54503,0.71447,0.68901,0.75213,0.48952,1.24379,1.00006,1.49537,0.00101,0.00101,0.00101
77,2320.58,1.29046,1.17977,1.55784,0.71175,0.69705,0.76485,0.49895,1.27359,0.97949,1.50264,0.0009968,0.0009968,0.0009968
78,2349.15,1.24649,1.15492,1.53539,0.72549,0.67024,0.75739,0.47481,1.33074,0.99068,1.5231,0.0009836,0.0009836,0.0009836
79,2377.7,1.28102,1.15546,1.52357,0.70444,0.7118,0.76818,0.49497,1.28655,0.98211,1.54012,0.0009704,0.0009704,0.0009704
80,2406.33,1.25258,1.13565,1.51818,0.7092,0.74535,0.79377,0.51948,1.23001,0.93451,1.4804,0.0009572,0.0009572,0.0009572
81,2434.2,1.23025,1.10458,1.50379,0.73771,0.67962,0.76404,0.49924,1.23136,0.97781,1.50953,0.000944,0.000944,0.000944
82,2459.35,1.27728,1.13685,1.53778,0.70848,0.71448,0.76748,0.4874,1.27184,0.96751,1.51387,0.0009308,0.0009308,0.0009308
83,2479.01,1.24756,1.14042,1.51545,0.7408,0.70241,0.79066,0.52408,1.23632,0.92156,1.48929,0.0009176,0.0009176,0.0009176
84,2497.85,1.2414,1.11905,1.52274,0.70399,0.73962,0.78114,0.51083,1.27366,0.93373,1.50757,0.0009044,0.0009044,0.0009044
85,2516.07,1.26993,1.10894,1.51147,0.71015,0.73592,0.78021,0.51366,1.22757,0.96253,1.48138,0.0008912,0.0008912,0.0008912
86,2534.24,1.26524,1.14236,1.50507,0.73153,0.71582,0.78909,0.51898,1.25588,0.95733,1.48526,0.000878,0.000878,0.000878
87,2552.38,1.24083,1.09496,1.50431,0.72229,0.72252,0.78347,0.51669,1.23594,0.94614,1.4855,0.0008648,0.0008648,0.0008648
88,2570.5,1.23323,1.09951,1.49742,0.7466,0.70375,0.79617,0.53792,1.19018,0.92106,1.47311,0.0008516,0.0008516,0.0008516
89,2589.47,1.23709,1.09842,1.48895,0.67272,0.74799,0.77481,0.51529,1.21419,0.9308,1.48422,0.0008384,0.0008384,0.0008384
90,2607.58,1.19765,1.06971,1.48666,0.70308,0.69839,0.77554,0.51708,1.20919,0.9718,1.47212,0.0008252,0.0008252,0.0008252
91,2625.73,1.24112,1.07762,1.51325,0.75482,0.68919,0.7866,0.53061,1.20243,0.92736,1.48555,0.000812,0.000812,0.000812
92,2644.15,1.22442,1.10305,1.50545,0.73056,0.72252,0.79037,0.53069,1.19535,0.92082,1.50306,0.0007988,0.0007988,0.0007988
93,2662.32,1.2009,1.06766,1.48691,0.7248,0.73082,0.78743,0.52931,1.20537,0.90443,1.47997,0.0007856,0.0007856,0.0007856
94,2680.57,1.22318,1.06511,1.4794,0.72956,0.73046,0.79594,0.52521,1.23767,0.91051,1.49387,0.0007724,0.0007724,0.0007724
95,2698.76,1.21883,1.06529,1.5106,0.76536,0.70107,0.79697,0.51892,1.27128,0.92488,1.49374,0.0007592,0.0007592,0.0007592
96,2716.94,1.20536,1.04618,1.46973,0.74317,0.74263,0.81519,0.54078,1.21271,0.86726,1.47443,0.000746,0.000746,0.000746
97,2736.02,1.18999,1.04763,1.48447,0.70341,0.76944,0.79125,0.52108,1.24197,0.92004,1.47588,0.0007328,0.0007328,0.0007328
98,2754.38,1.20278,1.05814,1.48578,0.72943,0.74263,0.78791,0.5139,1.27317,0.91798,1.48823,0.0007196,0.0007196,0.0007196
99,2772.92,1.20636,1.04149,1.48458,0.7232,0.74263,0.80134,0.52037,1.30428,0.91741,1.4993,0.0007064,0.0007064,0.0007064
100,2791.28,1.20817,1.04513,1.47958,0.67758,0.75218,0.79106,0.53323,1.19107,0.91298,1.44518,0.0006932,0.0006932,0.0006932
101,2809.41,1.18618,1.0471,1.47181,0.7175,0.70816,0.77361,0.51907,1.22686,0.94907,1.48338,0.00068,0.00068,0.00068
102,2827.48,1.2043,1.03114,1.47903,0.70734,0.76136,0.79977,0.53464,1.19735,0.89962,1.46069,0.0006668,0.0006668,0.0006668
103,2845.67,1.19049,1.02859,1.47883,0.77163,0.70107,0.80982,0.55366,1.17904,0.88145,1.44249,0.0006536,0.0006536,0.0006536
104,2864.59,1.17395,1.04534,1.46707,0.77243,0.70241,0.81241,0.55124,1.1825,0.88289,1.43603,0.0006404,0.0006404,0.0006404
105,2882.73,1.16253,1.01294,1.46671,0.72865,0.7185,0.78517,0.52177,1.20741,0.90311,1.46182,0.0006272,0.0006272,0.0006272
106,2900.84,1.19315,1.0235,1.46581,0.75421,0.72805,0.80871,0.54115,1.19917,0.87514,1.45205,0.000614,0.000614,0.000614
107,2918.98,1.18574,1.00957,1.45062,0.75757,0.74141,0.81071,0.54272,1.21645,0.89413,1.4679,0.0006008,0.0006008,0.0006008
108,2937.12,1.16677,0.9974,1.44667,0.74871,0.73995,0.8019,0.53756,1.22861,0.88697,1.46642,0.0005876,0.0005876,0.0005876
109,2955.31,1.18027,1.00127,1.44865,0.71172,0.75067,0.80415,0.54864,1.19255,0.89945,1.44492,0.0005744,0.0005744,0.0005744
110,2973.51,1.17556,0.98206,1.45149,0.72437,0.75737,0.80541,0.54681,1.20571,0.88079,1.46328,0.0005612,0.0005612,0.0005612
111,2991.66,1.18633,1.01117,1.44219,0.73861,0.70777,0.7896,0.53301,1.20311,0.8996,1.44604,0.000548,0.000548,0.000548
112,3009.9,1.15496,0.98954,1.45784,0.73324,0.73323,0.80133,0.53315,1.2158,0.89595,1.4643,0.0005348,0.0005348,0.0005348
113,3028.17,1.17702,0.97344,1.42829,0.7402,0.73458,0.79894,0.55078,1.13744,0.87509,1.42822,0.0005216,0.0005216,0.0005216
114,3046.35,1.16719,1.01324,1.43662,0.73824,0.70695,0.78291,0.53902,1.13789,0.89199,1.45753,0.0005084,0.0005084,0.0005084
115,3064.49,1.15362,1.01718,1.43612,0.71476,0.77346,0.8079,0.55438,1.1521,0.86243,1.43789,0.0004952,0.0004952,0.0004952
116,3083.4,1.16786,0.9946,1.43963,0.69896,0.73056,0.77545,0.52547,1.17319,0.91432,1.46375,0.000482,0.000482,0.000482
117,3101.67,1.12655,0.96865,1.4213,0.77243,0.70643,0.80871,0.55047,1.18329,0.86467,1.45209,0.0004688,0.0004688,0.0004688
118,3119.86,1.16138,0.98734,1.44744,0.73656,0.74665,0.81034,0.55999,1.16343,0.87492,1.43464,0.0004556,0.0004556,0.0004556
119,3139.31,1.1566,0.97899,1.43704,0.78147,0.6855,0.80896,0.56242,1.12908,0.85216,1.43581,0.0004424,0.0004424,0.0004424
120,3158.76,1.1663,0.97815,1.43687,0.7249,0.75871,0.81704,0.55525,1.16214,0.84717,1.4517,0.0004292,0.0004292,0.0004292
121,3177.02,1.14991,0.96422,1.44016,0.69848,0.73592,0.79486,0.53806,1.15296,0.86917,1.43852,0.000416,0.000416,0.000416
122,3195.31,1.14344,0.94758,1.43349,0.77178,0.7118,0.80605,0.54237,1.21842,0.8681,1.46041,0.0004028,0.0004028,0.0004028
123,3213.57,1.10627,0.93919,1.42937,0.73027,0.73995,0.80826,0.54801,1.20692,0.86577,1.45513,0.0003896,0.0003896,0.0003896
124,3231.79,1.17407,1.0026,1.45073,0.70956,0.72118,0.79143,0.53613,1.19294,0.88671,1.44577,0.0003764,0.0003764,0.0003764
125,3250.01,1.13396,0.9336,1.43109,0.70896,0.75067,0.81217,0.55915,1.15596,0.85541,1.42418,0.0003632,0.0003632,0.0003632
126,3268.32,1.14305,0.94354,1.41271,0.73483,0.70241,0.79663,0.55239,1.14011,0.8609,1.42406,0.00035,0.00035,0.00035
127,3286.58,1.11755,0.93977,1.4025,0.73772,0.7252,0.80341,0.54426,1.17848,0.86351,1.44144,0.0003368,0.0003368,0.0003368
128,3304.79,1.13205,0.94548,1.42988,0.69842,0.75737,0.80838,0.54781,1.18088,0.85794,1.45262,0.0003236,0.0003236,0.0003236
129,3323.09,1.14783,0.93687,1.43377,0.75873,0.69973,0.80044,0.55291,1.16597,0.87357,1.43748,0.0003104,0.0003104,0.0003104
130,3341.19,1.09269,0.9144,1.4118,0.76527,0.72544,0.81744,0.5562,1.18245,0.84271,1.43923,0.0002972,0.0002972,0.0002972
131,3373.63,1.03603,0.80314,1.34481,0.75311,0.71984,0.80976,0.5618,1.12264,0.83749,1.42583,0.000284,0.000284,0.000284
132,3391.78,1.04338,0.76691,1.34032,0.69609,0.77346,0.80669,0.55749,1.15067,0.86453,1.43982,0.0002708,0.0002708,0.0002708
133,3410.16,1.02823,0.75355,1.33197,0.76138,0.69839,0.80369,0.54566,1.19823,0.87447,1.46361,0.0002576,0.0002576,0.0002576
134,3428.43,1.02907,0.7627,1.33979,0.74187,0.68365,0.79162,0.54029,1.17365,0.88358,1.44752,0.0002444,0.0002444,0.0002444
135,3446.58,1.02214,0.74265,1.32417,0.741,0.71718,0.80335,0.55946,1.14411,0.85395,1.43409,0.0002312,0.0002312,0.0002312
136,3464.93,1.01869,0.74222,1.32187,0.69843,0.75469,0.80119,0.55681,1.14601,0.85774,1.43545,0.000218,0.000218,0.000218
137,3483.16,1.00658,0.7441,1.31741,0.7343,0.71046,0.80419,0.55761,1.14426,0.85024,1.43142,0.0002048,0.0002048,0.0002048
138,3501.29,1.01,0.73061,1.31398,0.73075,0.72386,0.80225,0.5526,1.1504,0.85919,1.42683,0.0001916,0.0001916,0.0001916
139,3519.66,1.00778,0.72281,1.30549,0.72413,0.71716,0.79818,0.54767,1.17343,0.86957,1.44036,0.0001784,0.0001784,0.0001784
140,3537.96,0.98491,0.70465,1.29977,0.73004,0.73226,0.80491,0.55788,1.1609,0.85177,1.43103,0.0001652,0.0001652,0.0001652
141,3556.23,0.9978,0.72215,1.30702,0.72882,0.73727,0.80718,0.56102,1.14423,0.85056,1.42879,0.000152,0.000152,0.000152
142,3574.71,0.99131,0.70998,1.30526,0.70835,0.74881,0.80544,0.55614,1.15723,0.84333,1.43504,0.0001388,0.0001388,0.0001388
143,3593.01,0.98566,0.70373,1.29769,0.72932,0.74405,0.80683,0.56107,1.15038,0.84404,1.43403,0.0001256,0.0001256,0.0001256
144,3611.27,0.98948,0.71228,1.30369,0.73967,0.72366,0.80401,0.56011,1.15393,0.84361,1.43753,0.0001124,0.0001124,0.0001124
145,3629.54,0.98398,0.69385,1.29419,0.75725,0.70669,0.80477,0.56021,1.13632,0.8356,1.4307,9.92e-05,9.92e-05,9.92e-05
146,3647.79,0.98198,0.69308,1.28256,0.72829,0.73861,0.81247,0.56794,1.13252,0.82841,1.4338,8.6e-05,8.6e-05,8.6e-05
147,3666.76,0.97399,0.69017,1.29046,0.73768,0.73508,0.80932,0.56818,1.12959,0.82602,1.43693,7.28e-05,7.28e-05,7.28e-05
148,3685.76,0.96886,0.68991,1.29434,0.74091,0.72788,0.80812,0.56749,1.12249,0.83152,1.42936,5.96e-05,5.96e-05,5.96e-05
149,3704,0.96005,0.67805,1.28592,0.7511,0.72407,0.81406,0.5692,1.13869,0.82315,1.4243,4.64e-05,4.64e-05,4.64e-05
150,3722.98,0.96797,0.68301,1.28753,0.74116,0.7408,0.8163,0.57018,1.12881,0.81689,1.42572,3.32e-05,3.32e-05,3.32e-05
